Temperature,Pressure,Flow_Rate,Corrected_Flowrate,Diam,Test_Bench
25.15,97.24,503.8,525.0964053,9.132589,1
24.96,99.14,502.5,513.5404169,9.076357,1
25.19,99.41,503.8,513.6686225,9.134201,1
25.46,98.62,504.5,518.737389,9.10525,1
24.93,99.63,496.2,504.5825811,9.02119,1
24.93,100.76,496.4,499.1249025,8.920721,1
25.47,103.99,497.5,485.1322634,8.847506,1
25.23,100.44,501.1,505.7102533,8.930266,1
24.86,100.41,501.1,505.5476081,9.010186,1
25.16,99.89,511.6,519.088771,9.150023,1
24.86,96.04,505.6,533.2974882,9.329603,1
24.86,99.81,503.5,511.0225251,9.15574,1
25.07,100.07,502.6,508.9629547,8.861663,1
24.43,104.54,497.2,481.4483465,8.684339,1
24.48,99.24,499.6,509.6514121,8.975707,1
24.83,100.38,501.6,506.1778071,8.95404,1
24.7,99.61,497.8,506.1158753,9.056728,1
25.09,97.52,501.4,521.0420669,9.118437,1
24.73,101.93,496.2,493.0314392,8.840085,1
24.58,101.05,498.7,499.7048385,8.996897,1
25.44,101.52,504.9,504.3018909,8.96395,1
24.93,97.84,496,513.6069085,9.035136,1
25.02,102.47,498.9,493.3418363,8.906732,1
24.57,96.6,497.8,521.7722485,9.080527,1
24.84,100.67,497.1,500.2000666,8.889177,1
25.03,103.93,498.5,486.0295741,8.875964,1
24.65,97.33,501.9,522.1941769,9.136535,1
25.11,98.36,497.4,512.4883215,9.04726,1
24.82,99.5,497.2,506.1666361,9.010852,1
24.91,98.29,502.5,517.9380116,9.115155,1
24.82,96.09,500.4,527.5025746,9.170469,1
25.56,99.65,499.6,508.4745412,8.924746,2
25,97.05,501.5,523.5908037,9.147058,2
24.68,99.9,496.5,503.311891,8.955419,2
25.25,97.33,507.3,528.3439685,9.146243,2
24.63,101.9,498.1,494.9819088,8.93341,2
25.06,97.38,494.5,514.5846566,8.994343,2
24.41,97.91,500.5,517.4441863,9.01035,2
24.6,100.2,495.5,500.7270208,9.039608,2
25.06,96.27,503.9,530.4124306,9.134142,2
25.22,99.19,495.9,506.7607856,8.985906,2
25.05,101.19,495.7,496.4029436,8.928261,2
24.97,95.24,503.4,535.5358963,9.118127,2
24.91,98.72,500.9,514.0400287,9.075807,2
24.56,98.61,494.6,507.8425317,8.978829,2
24.78,99.68,496,503.9993439,8.911632,2
24.86,95.6,499.5,529.2882155,9.173824,2
25.32,95.57,498.8,529.1202797,9.199848,2
25.1,99.06,502.4,513.9735131,9.003425,2
24.47,98.2,499,514.4217466,9.01495,2
25.1,98.33,493.7,508.8227488,9.047804,2
24.88,98.33,500.1,515.2286592,9.159853,2
24.8,96.14,505.7,532.794504,9.19465,2
25.18,98.06,500.4,517.2173463,9.120792,2
25.31,98.15,492.4,508.5925722,9.057305,2
25.28,96.02,497.5,525.2327869,9.138359,2
24.75,100.82,497.8,500.0836507,8.828792,2
24.91,98.01,494.5,511.1483472,9.019341,2
25.1,94.68,501.1,536.3590158,9.261507,2
25.29,98.37,498.2,513.4152602,9.049865,2
24.86,94.79,496.5,530.6050193,9.070226,2
24.94,98.26,495.4,510.8014854,8.927551,2
24.67,98.77,485.2,497.4757021,8.836697,2
24.64,94.69,495.7,530.1137424,9.253739,2
25.24,98.46,494.1,508.6819884,9.025292,2
25.41,97.34,492,512.4939908,8.977106,2
24.98,97.84,499.9,517.6887631,9.083092,2
25.3,100.05,488.4,494.872772,8.734308,2
25.11,95.57,495.6,525.5407833,9.135119,2
24.81,94.3,498.4,535.3582865,9.256828,2
25.11,94.08,502.4,541.1890917,9.241123,2
25.46,94.31,493.3,530.4015077,9.169984,2
24.99,95.45,499.8,530.5540672,9.22695,2
25.47,96.43,495.2,520.7474121,9.075158,2
24.21,95.58,492.9,521.8338793,9.132357,2
25.25,97.1,495.5,517.2768515,9.06448,2
25.03,95.26,496.4,528.0312873,9.206212,2
24.91,97.99,491.1,507.7374886,9.097921,2
25.03,94.52,496.4,532.1652606,9.151486,3
24.4,100.09,489.3,494.8387594,9.045777,3
24.93,96.07,494.6,521.5932298,9.12555,3
25.11,93.1,499.1,543.2936152,9.350205,3
25.44,92.75,502,548.8158353,9.336188,3
24.84,95.47,490.7,520.6539722,9.083631,3
24.76,93.93,502.2,541.5195402,9.303328,3
24.85,95.77,487.9,516.0700651,9.09225,3
25.27,95.41,493.5,524.3320799,9.121096,3
25.1,94.15,496.8,534.7498785,9.186879,3
24.84,92.4,497.5,545.4075739,9.384173,3
25.15,91.14,495.9,551.4560634,9.319689,3
25.03,93.13,495,538.5847556,9.231701,3
25.29,95.8,491.4,519.9928407,9.221134,3
24.79,94.19,492.5,529.620821,9.143274,3
24.9,91.25,499.7,554.7792958,9.420891,3
24.88,94.01,495.3,533.7322833,9.106341,3
24.56,94.2,491.8,528.6077651,9.136371,3
25.09,91.86,498.8,550.2780057,9.328519,3
25.08,93.87,494.9,534.2758031,9.270626,3
25,93.57,496.6,537.7577749,9.272682,3
24.93,91.07,498.4,554.4575753,9.501364,3
